task_id,dataset,model,best_cv_score,tune_time_s,params
37,diabetes,lightgbm,0.8342105263157894,5.941593809999858,"{'n_estimators': 50, 'learning_rate': 0.01947558230629543, 'max_depth': 3, 'num_leaves': 52, 'min_child_samples': 22, 'subsample': 0.6356745158869479, 'colsample_bytree': 0.9143687545759647}"
37,diabetes,xgboost,0.850751879699248,6.822186460000012,"{'n_estimators': 300, 'learning_rate': 0.04924185908787293, 'max_depth': 7, 'min_child_weight': 1, 'subsample': 0.5818052712809708, 'colsample_bytree': 0.8645786926005509, 'gamma': 4.980082658737176}"
37,diabetes,catboost,0.8421052631578948,75.7057056430001,"{'iterations': 350, 'learning_rate': 0.0178601378893971, 'depth': 4, 'l2_leaf_reg': 9.539969835279999, 'bagging_temperature': 0.9656320330745594}"
37,diabetes,group_model,0.8406015037593983,20.365209309000196,"{'n_estimators': 24, 'softmax_temperature': 1.2, 'outlier_threshold': 2.0, 'average_logits': False, 'n_norm_methods': 1, 'norm_method_single': 'none'}"
359955,blood-transfusion-service-center,lightgbm,0.7629999999999999,1.7471866670000509,"{'n_estimators': 150, 'learning_rate': 0.034821602807385374, 'max_depth': 3, 'num_leaves': 27, 'min_child_samples': 47, 'subsample': 0.8087630613132697, 'colsample_bytree': 0.57646459423528}"
359955,blood-transfusion-service-center,xgboost,0.79175,6.020863771999984,"{'n_estimators': 300, 'learning_rate': 0.01271522679422944, 'max_depth': 8, 'min_child_weight': 9, 'subsample': 0.77302360227012, 'colsample_bytree': 0.9637958059966713, 'gamma': 4.6160274505017975}"
359955,blood-transfusion-service-center,catboost,0.793,60.1429906620001,"{'iterations': 150, 'learning_rate': 0.03724758407777502, 'depth': 4, 'l2_leaf_reg': 2.0625482211124324, 'bagging_temperature': 0.6628126665727366}"
359955,blood-transfusion-service-center,group_model,0.7962500000000001,10.678758192000032,"{'n_estimators': 16, 'softmax_temperature': 0.7, 'outlier_threshold': 3.0, 'average_logits': False, 'n_norm_methods': 1, 'norm_method_single': 'quantile'}"
15,breast-w,lightgbm,0.979779411764706,3.0040492140001334,"{'n_estimators': 250, 'learning_rate': 0.043978458139766696, 'max_depth': 8, 'num_leaves': 57, 'min_child_samples': 8, 'subsample': 0.9188658349242526, 'colsample_bytree': 0.9708777183999104}"
15,breast-w,xgboost,0.9797794117647058,5.897651656999869,"{'n_estimators': 450, 'learning_rate': 0.07725378389307355, 'max_depth': 8, 'min_child_weight': 1, 'subsample': 0.9849549260809971, 'colsample_bytree': 0.9162213204002109, 'gamma': 1.0616955533913808}"
15,breast-w,catboost,0.9806985294117648,81.26485521799987,"{'iterations': 150, 'learning_rate': 0.05247066899055472, 'depth': 8, 'l2_leaf_reg': 3.868465754746409, 'bagging_temperature': 0.36170357829982913}"
15,breast-w,group_model,0.982077205882353,12.898207088999923,"{'n_estimators': 12, 'softmax_temperature': 1.1, 'outlier_threshold': 3.0, 'average_logits': False, 'n_norm_methods': 1, 'norm_method_single': 'quantile'}"
49,tic-tac-toe,lightgbm,1.0,3.264720609000051,"{'n_estimators': 50, 'learning_rate': 0.22038218939289875, 'max_depth': 5, 'num_leaves': 90, 'min_child_samples': 19, 'subsample': 0.7600340105889054, 'colsample_bytree': 0.7733551396716398}"
49,tic-tac-toe,xgboost,0.996294466403162,8.182938634000038,"{'n_estimators': 500, 'learning_rate': 0.040388669392426774, 'max_depth': 10, 'min_child_weight': 1, 'subsample': 0.9085311199293592, 'colsample_bytree': 0.9008188306061254, 'gamma': 0.07798338998924548}"
49,tic-tac-toe,catboost,1.0,123.968042899,"{'iterations': 350, 'learning_rate': 0.01607123851203988, 'depth': 6, 'l2_leaf_reg': 4.297256589643226, 'bagging_temperature': 0.45606998421703593}"
49,tic-tac-toe,group_model,1.0,14.5360484360001,"{'n_estimators': 12, 'softmax_temperature': 1.5, 'outlier_threshold': 5.0, 'average_logits': True, 'n_norm_methods': 1, 'norm_method_single': 'robust'}"
3484,oil_spill,lightgbm,0.9773333333333334,3.082460175000051,"{'n_estimators': 200, 'learning_rate': 0.2909668733764447, 'max_depth': 8, 'num_leaves': 77, 'min_child_samples': 45, 'subsample': 0.7668537872065185, 'colsample_bytree': 0.6732817307551989}"
3484,oil_spill,xgboost,0.964,7.139623131000008,"{'n_estimators': 350, 'learning_rate': 0.1460457139456299, 'max_depth': 6, 'min_child_weight': 1, 'subsample': 0.8573455494562158, 'colsample_bytree': 0.8409619920334863, 'gamma': 1.8698885287079223}"
3484,oil_spill,catboost,0.9706666666666668,206.9804702529998,"{'iterations': 500, 'learning_rate': 0.13822229260860658, 'depth': 6, 'l2_leaf_reg': 7.9966586800775525, 'bagging_temperature': 0.8711464908919612}"
3484,oil_spill,group_model,0.976,26.982363308000004,"{'n_estimators': 12, 'softmax_temperature': 1.5, 'outlier_threshold': 5.0, 'average_logits': True, 'n_norm_methods': 1, 'norm_method_single': 'robust'}"
2,anneal,lightgbm,1.0,12.537387920000128,"{'n_estimators': 300, 'learning_rate': 0.011711509955524094, 'max_depth': 7, 'num_leaves': 35, 'min_child_samples': 7, 'subsample': 0.9744427686266666, 'colsample_bytree': 0.9828160165372797}"
2,anneal,xgboost,0.9991319444444444,20.095998297999813,"{'n_estimators': 500, 'learning_rate': 0.04346116016097334, 'max_depth': 7, 'min_child_weight': 1, 'subsample': 0.5617104625598865, 'colsample_bytree': 0.7805257781127055, 'gamma': 0.47072607174993664}"
2,anneal,catboost,1.0,111.5467249620001,"{'iterations': 250, 'learning_rate': 0.2536999076681772, 'depth': 9, 'l2_leaf_reg': 6.387926357773329, 'bagging_temperature': 0.15601864044243652}"
2,anneal,group_model,1.0,23.19562407600006,"{'n_estimators': 12, 'softmax_temperature': 1.5, 'outlier_threshold': 5.0, 'average_logits': True, 'n_norm_methods': 1, 'norm_method_single': 'robust'}"
11,balance-scale,lightgbm,0.9737659698025553,4.926133467,"{'n_estimators': 400, 'learning_rate': 0.2992799583173479, 'max_depth': 4, 'num_leaves': 83, 'min_child_samples': 47, 'subsample': 0.9637958059966713, 'colsample_bytree': 0.6331560815619832}"
11,balance-scale,xgboost,0.9560975609756096,12.298335554000005,"{'n_estimators': 500, 'learning_rate': 0.2164255032557343, 'max_depth': 8, 'min_child_weight': 6, 'subsample': 0.7825269757813548, 'colsample_bytree': 0.5744790708871741, 'gamma': 0.5973663762701669}"
11,balance-scale,catboost,0.96869918699187,68.76461123599984,"{'iterations': 250, 'learning_rate': 0.1083007597552189, 'depth': 4, 'l2_leaf_reg': 7.941252682359116, 'bagging_temperature': 0.3552977555469776}"
11,balance-scale,group_model,0.9941347270615564,12.170137001000056,"{'n_estimators': 20, 'softmax_temperature': 0.4, 'outlier_threshold': 3.0, 'average_logits': False, 'n_norm_methods': 2, 'norm_method_1': 'power', 'norm_method_2': 'none'}"
41,soybean,lightgbm,0.9994117443510157,30.618527730000096,"{'n_estimators': 100, 'learning_rate': 0.018659959624904916, 'max_depth': 5, 'num_leaves': 75, 'min_child_samples': 24, 'subsample': 0.645614570099021, 'colsample_bytree': 0.8059264473611898}"
41,soybean,xgboost,0.9996020623550986,70.53119939399994,"{'n_estimators': 250, 'learning_rate': 0.036481039076036656, 'max_depth': 9, 'min_child_weight': 2, 'subsample': 0.9004032765729437, 'colsample_bytree': 0.7055992798014322, 'gamma': 2.097062865002662}"
41,soybean,catboost,0.9998615869061211,209.56969384500007,"{'iterations': 300, 'learning_rate': 0.01457875254417581, 'depth': 9, 'l2_leaf_reg': 2.3040675850083807, 'bagging_temperature': 0.40874719681978916}"
41,soybean,group_model,0.9996799197204056,32.512790728000255,"{'n_estimators': 4, 'softmax_temperature': 1.5, 'outlier_threshold': 5.5, 'average_logits': True, 'n_norm_methods': 1, 'norm_method_single': 'robust'}"
3022,vowel,lightgbm,0.9927727720996952,29.505939345000115,"{'n_estimators': 100, 'learning_rate': 0.27051668818999286, 'max_depth': 9, 'num_leaves': 122, 'min_child_samples': 46, 'subsample': 0.7989499894055425, 'colsample_bytree': 0.9609371175115584}"
3022,vowel,xgboost,0.9844469099276792,52.82477165699993,"{'n_estimators': 450, 'learning_rate': 0.08897642167254051, 'max_depth': 8, 'min_child_weight': 4, 'subsample': 0.7493973100752614, 'colsample_bytree': 0.6853543172203514, 'gamma': 0.26614885970290303}"
3022,vowel,catboost,0.9974807244038012,224.3821522610001,"{'iterations': 350, 'learning_rate': 0.19024182447263463, 'depth': 9, 'l2_leaf_reg': 3.4330021577051744, 'bagging_temperature': 0.7708083512458731}"
3022,vowel,group_model,1.0,28.896564701999974,"{'n_estimators': 12, 'softmax_temperature': 1.5, 'outlier_threshold': 5.0, 'average_logits': True, 'n_norm_methods': 1, 'norm_method_single': 'robust'}"
3512,synthetic_control,lightgbm,0.9989795918367348,14.04050564399995,"{'n_estimators': 450, 'learning_rate': 0.028180680291847244, 'max_depth': 3, 'num_leaves': 93, 'min_child_samples': 25, 'subsample': 0.5610191174223894, 'colsample_bytree': 0.7475884550556351}"
3512,synthetic_control,xgboost,0.9986394557823128,29.931658640000023,"{'n_estimators': 350, 'learning_rate': 0.05806036680991841, 'max_depth': 9, 'min_child_weight': 1, 'subsample': 0.990813382547845, 'colsample_bytree': 0.8753740106205512, 'gamma': 1.1356950582543923}"
3512,synthetic_control,catboost,0.9977891156462584,120.4300120339999,"{'iterations': 500, 'learning_rate': 0.10809366764261581, 'depth': 6, 'l2_leaf_reg': 1.1616568805333767, 'bagging_temperature': 0.6400885024675563}"
3512,synthetic_control,group_model,1.0,16.27355765199991,"{'n_estimators': 12, 'softmax_temperature': 1.5, 'outlier_threshold': 5.0, 'average_logits': True, 'n_norm_methods': 1, 'norm_method_single': 'robust'}"
3892,hiva_agnostic,lightgbm,0.8516387290467851,19.747804413000267,"{'n_estimators': 100, 'learning_rate': 0.018659959624904916, 'max_depth': 5, 'num_leaves': 75, 'min_child_samples': 24, 'subsample': 0.645614570099021, 'colsample_bytree': 0.8059264473611898}"
3892,hiva_agnostic,xgboost,0.8678175298140272,59.744911839999986,"{'n_estimators': 500, 'learning_rate': 0.13468541437919024, 'max_depth': 8, 'min_child_weight': 4, 'subsample': 0.9980084946806067, 'colsample_bytree': 0.9322021480454378, 'gamma': 1.9633411137968646}"
3892,hiva_agnostic,catboost,0.8794095571678759,116.92909375799991,"{'iterations': 200, 'learning_rate': 0.03603775333226072, 'depth': 6, 'l2_leaf_reg': 2.703703904491902, 'bagging_temperature': 0.1056567451889947}"
3892,hiva_agnostic,group_model,0.0,104.08001854900067,"{'n_estimators': 12, 'softmax_temperature': 1.5, 'outlier_threshold': 5.0, 'average_logits': True, 'n_norm_methods': 1, 'norm_method_single': 'robust'}"
168757,credit-g,lightgbm,0.7934888241010689,3.066106946999753,"{'n_estimators': 100, 'learning_rate': 0.027010527749605478, 'max_depth': 5, 'num_leaves': 67, 'min_child_samples': 41, 'subsample': 0.5998368910791798, 'colsample_bytree': 0.7571172192068059}"
168757,credit-g,xgboost,0.8214285714285714,7.890124365999327,"{'n_estimators': 300, 'learning_rate': 0.011711509955524094, 'max_depth': 7, 'min_child_weight': 2, 'subsample': 0.5325257964926398, 'colsample_bytree': 0.9744427686266666, 'gamma': 4.828160165372797}"
168757,credit-g,catboost,0.8384353741496597,221.9202310619994,"{'iterations': 500, 'learning_rate': 0.010017378228976413, 'depth': 8, 'l2_leaf_reg': 3.898648490131557, 'bagging_temperature': 0.8596498751955515}"
168757,credit-g,group_model,0.8063654033041788,16.460793917000046,"{'n_estimators': 8, 'softmax_temperature': 1.5, 'outlier_threshold': 6.0, 'average_logits': True, 'n_norm_methods': 1, 'norm_method_single': 'robust'}"
359956,qsar-biodeg,lightgbm,0.9569387755102041,8.701114760000564,"{'n_estimators': 300, 'learning_rate': 0.013876642491040517, 'max_depth': 10, 'num_leaves': 63, 'min_child_samples': 8, 'subsample': 0.9623165041879504, 'colsample_bytree': 0.8162658460515165}"
359956,qsar-biodeg,xgboost,0.960204081632653,9.259497984000518,"{'n_estimators': 450, 'learning_rate': 0.07725378389307355, 'max_depth': 8, 'min_child_weight': 1, 'subsample': 0.9849549260809971, 'colsample_bytree': 0.9162213204002109, 'gamma': 1.0616955533913808}"
359956,qsar-biodeg,catboost,0.9600000000000001,137.42449202199987,"{'iterations': 250, 'learning_rate': 0.03607295971200805, 'depth': 8, 'l2_leaf_reg': 8.62296511049799, 'bagging_temperature': 0.32171497731117665}"
359956,qsar-biodeg,group_model,0.9644897959183673,29.057933619999858,"{'n_estimators': 28, 'softmax_temperature': 0.7, 'outlier_threshold': 2.0, 'average_logits': False, 'n_norm_methods': 1, 'norm_method_single': 'none'}"
359967,Bioresponse,lightgbm,0.8960233918128654,77.37361881000015,"{'n_estimators': 500, 'learning_rate': 0.04011384171807121, 'max_depth': 10, 'num_leaves': 40, 'min_child_samples': 44, 'subsample': 0.9988649511346592, 'colsample_bytree': 0.5820277679886149}"
359967,Bioresponse,xgboost,0.8989473684210526,79.22703732599985,"{'n_estimators': 350, 'learning_rate': 0.04176909448186488, 'max_depth': 9, 'min_child_weight': 2, 'subsample': 0.7696363894573159, 'colsample_bytree': 0.8407728371570805, 'gamma': 1.7669367590267118}"
359967,Bioresponse,catboost,0.889298245614035,378.29737621000004,"{'iterations': 300, 'learning_rate': 0.10656202137148435, 'depth': 8, 'l2_leaf_reg': 1.9186915360876429, 'bagging_temperature': 0.6423277119779769}"
359967,Bioresponse,group_model,0.0,108.9052284899999,"{'n_estimators': 12, 'softmax_temperature': 1.5, 'outlier_threshold': 5.0, 'average_logits': True, 'n_norm_methods': 1, 'norm_method_single': 'robust'}"
359968,churn,lightgbm,0.9029899662179197,10.236082067000098,"{'n_estimators': 350, 'learning_rate': 0.01135455945030893, 'max_depth': 6, 'num_leaves': 47, 'min_child_samples': 5, 'subsample': 0.9764371043871235, 'colsample_bytree': 0.8383456816252162}"
359968,churn,xgboost,0.899057127010538,11.441570011000294,"{'n_estimators': 300, 'learning_rate': 0.037848591754643945, 'max_depth': 9, 'min_child_weight': 3, 'subsample': 0.5148023714040868, 'colsample_bytree': 0.8809945055426887, 'gamma': 1.255075361309606}"
359968,churn,catboost,0.9116455738751912,338.1129650080002,"{'iterations': 400, 'learning_rate': 0.1931244434462748, 'depth': 10, 'l2_leaf_reg': 4.248446623031516, 'bagging_temperature': 0.4041237889494378}"
359968,churn,group_model,0.8994773021395317,36.4917536869998,"{'n_estimators': 16, 'softmax_temperature': 0.3, 'outlier_threshold': 5.0, 'average_logits': True, 'n_norm_methods': 1, 'norm_method_single': 'power'}"
