model,ACC,AUC_OVO,G_Mean,CE,fit_time_s,predict_time_s,total_time_s,dataset,regime
AutoGluon_Default,0.777778,0.7265,0.603757,0.500938,27.37,0.25,27.62,blood-transfusion-service-center,small
LightGBM_Tuned,0.782222,0.738196,0.541038,0.487997,0.21,0.0,31.34,blood-transfusion-service-center,small
XGBoost_Tuned,0.791111,0.728558,0.544431,0.486454,0.22,0.0,22.65,blood-transfusion-service-center,small
CatBoost_Tuned,0.8,0.757039,0.601331,0.470301,0.97,0.01,132.11,blood-transfusion-service-center,small
AutoGluon_Default,0.766234,0.827737,0.694007,0.489018,13.58,0.16,13.75,diabetes,small
LightGBM_Tuned,0.761905,0.850123,0.680595,0.468936,0.2,0.0,18.83,diabetes,small
XGBoost_Tuned,0.748918,0.833086,0.64355,0.498702,0.25,0.0,44.68,diabetes,small
CatBoost_Tuned,0.748918,0.831934,0.66171,0.485999,2.87,0.01,251.7,diabetes,small
AutoGluon_Default,0.75,0.781852,0.593171,0.514761,17.51,0.12,17.63,credit-g,medium
LightGBM_Tuned,0.75,0.766349,0.6,0.520615,0.15,0.0,22.05,credit-g,medium
XGBoost_Tuned,0.76,0.786984,0.576066,0.501046,0.18,0.0,39.52,credit-g,medium
AutoGluon_Default,0.962963,0.997074,0.972402,0.122204,128.34,0.12,128.46,anneal,small
LightGBM_Tuned,0.962963,0.998697,0.959466,0.093274,0.18,0.01,65.45,anneal,small
XGBoost_Tuned,0.966667,0.998738,0.836919,0.126216,1.17,0.02,128.41,anneal,small
CatBoost_Tuned,0.776667,0.790741,0.657476,0.614388,1.89,0.01,305.36,credit-g,medium
AutoGluon_Default,0.892744,0.937339,0.856453,0.30031,17.2,0.51,17.71,qsar-biodeg,medium
LightGBM_Tuned,0.873817,0.930485,0.837484,0.314612,0.4,0.01,37.73,qsar-biodeg,medium
XGBoost_Tuned,0.886435,0.931731,0.842729,0.318576,0.6,0.01,68.03,qsar-biodeg,medium
CatBoost_Tuned,0.85489,0.921807,0.812124,0.334343,0.9,0.01,168.68,qsar-biodeg,medium
AutoGluon_Default,0.952736,0.910997,0.626332,0.153879,41.78,0.61,42.38,baseball,medium
LightGBM_Tuned,0.947761,0.91002,0.560394,0.221334,1.7,0.02,134.33,baseball,medium
XGBoost_Tuned,0.945274,0.911159,0.544374,0.169676,0.55,0.01,99.78,baseball,medium
AutoGluon_Default,0.591928,0.863144,0.035611,1.208042,185.21,0.42,185.62,yeast,medium
LightGBM_Tuned,0.580717,0.851791,0.000175,1.065765,0.45,0.01,259.09,yeast,medium
XGBoost_Tuned,0.59417,0.8631,0.040685,1.059632,1.98,0.02,297.98,yeast,medium
AutoGluon_Default,0.951933,0.994685,0.949531,0.242453,73.28,0.76,74.04,splice,medium
LightGBM_Tuned,0.957158,0.99587,0.953778,0.161802,1.35,0.03,196.57,splice,medium
XGBoost_Tuned,0.952978,0.995305,0.951121,0.121115,0.87,0.01,146.07,splice,medium
AutoGluon_Default,0.791297,0.867402,0.788001,0.454598,115.13,1.46,116.58,Bioresponse,medium
LightGBM_Tuned,0.775311,0.860302,0.772277,0.866851,4.09,0.03,370.35,Bioresponse,medium
XGBoost_Tuned,0.780639,0.865079,0.776033,0.461561,6.84,0.02,930.54,Bioresponse,medium
CatBoost_Tuned,0.787744,0.863566,0.782217,0.462701,15.47,0.09,5222.7,Bioresponse,medium
AutoGluon_Default,0.996466,0.829466,0.000986,0.022239,215.13,0.07,215.19,hypothyroid,medium
LightGBM_Tuned,0.995583,0.767558,0.000977,0.044879,0.49,0.02,120.7,hypothyroid,medium
XGBoost_Tuned,0.996466,0.853018,0.000986,0.042281,0.7,0.01,106.49,hypothyroid,medium
AutoGluon_Default,0.695652,0.649203,0.461774,0.612016,12.51,0.14,12.65,spambase,medium
LightGBM_Tuned,0.684783,0.595282,0.380273,0.676689,0.04,0.0,7.49,spambase,medium
XGBoost_Tuned,0.695652,0.639093,0.334862,0.576559,0.17,0.0,23.37,spambase,medium
CatBoost_Tuned,0.673913,0.612439,0.377037,0.621928,0.22,0.01,51.32,spambase,medium
AutoGluon_Default,0.946128,0.997244,0.943876,0.333828,720.99,0.29,721.28,waveform-5000,medium
LightGBM_Tuned,0.912458,0.994363,0.910665,0.320971,1.55,0.02,220.07,waveform-5000,medium
XGBoost_Tuned,0.885522,0.99177,0.883036,0.395339,0.52,0.01,232.02,waveform-5000,medium
AutoGluon_Default,0.958667,0.941393,0.872415,0.147839,45.0,0.1,45.11,churn,medium
LightGBM_Tuned,0.958,0.927048,0.862657,0.144159,2.1,0.03,158.89,churn,medium
XGBoost_Tuned,0.959333,0.931765,0.870416,0.141989,0.47,0.01,59.7,churn,medium
CatBoost_Tuned,0.962667,0.937507,0.876801,0.139774,0.68,0.01,201.27,churn,medium
AutoGluon_Default,0.976248,0.981072,0.833107,0.088685,101.65,0.22,101.87,page-blocks,medium
LightGBM_Tuned,0.977467,0.980358,0.789736,0.09105,1.04,0.06,155.9,page-blocks,medium
XGBoost_Tuned,0.977467,0.978404,0.880958,0.093988,0.8,0.01,155.44,page-blocks,medium
AutoGluon_Default,0.987544,0.999898,0.987446,0.037477,743.27,0.35,743.61,optdigits,medium
LightGBM_Tuned,0.986951,0.999896,0.98691,0.039725,12.92,0.27,910.97,optdigits,medium
XGBoost_Tuned,0.983986,0.999853,0.983928,0.051649,3.98,0.05,536.27,optdigits,medium
AutoGluon_Default,0.917574,0.992888,0.886989,0.207287,274.82,0.37,275.18,satimage,medium
LightGBM_Tuned,0.919129,0.992924,0.888744,0.293474,3.11,0.12,462.59,satimage,medium
XGBoost_Tuned,0.919647,0.9927,0.890664,0.231418,1.82,0.02,325.18,satimage,medium
AutoGluon_Default,1.0,1.0,1.0,4e-06,52.66,0.15,52.81,mushroom,medium
LightGBM_Tuned,1.0,1.0,1.0,1e-06,0.33,0.01,53.48,mushroom,medium
XGBoost_Tuned,1.0,1.0,1.0,0.000847,0.17,0.01,28.52,mushroom,medium
CatBoost_Tuned,0.974074,0.998981,0.975316,0.100146,0.5,0.01,177.75,anneal,small
CatBoost_Tuned,0.942786,0.907643,0.519747,0.148697,0.51,0.01,247.08,baseball,medium
CatBoost_Tuned,0.603139,0.860306,0.002665,1.00904,4.79,0.02,669.81,yeast,medium
CatBoost_Tuned,0.954023,0.994642,0.952574,0.123357,0.97,0.01,160.11,splice,medium
CatBoost_Tuned,0.99735,0.952415,0.000982,0.013781,4.94,0.02,762.95,hypothyroid,medium
LightGBM_Tuned,0.0,,0.0,,0.05,0.0,6.39,hiva_agnostic,medium
XGBoost_Tuned,0.0,,0.0,27.110497,1.14,0.01,82.59,hiva_agnostic,medium
CatBoost_Tuned,0.0,,0.0,27.056439,0.74,0.01,793.22,hiva_agnostic,medium
CatBoost_Tuned,0.949495,0.997481,0.948114,0.194218,10.08,0.02,1351.08,waveform-5000,medium
CatBoost_Tuned,0.975639,0.979544,0.870579,0.083408,3.06,0.02,501.99,page-blocks,medium
CatBoost_Tuned,0.981613,0.999803,0.981563,0.058837,6.0,0.02,802.51,optdigits,medium
CatBoost_Tuned,0.918611,0.992554,0.887348,0.205737,16.49,0.03,1596.87,satimage,medium
LightGBM_Tuned,0.0,,0.0,36.043653,0.02,0.01,4.4,isolet,medium
XGBoost_Tuned,0.0,,0.0,36.043653,0.26,0.0,30.67,isolet,medium
CatBoost_Tuned,1.0,1.0,1.0,0.000662,0.88,0.01,168.71,mushroom,medium
AutoGluon_Default,0.0,,0.0,,1277.46,2.74,1280.2,JapaneseVowels,medium
LightGBM_Tuned,0.030612,,0.0,28.735295,16.82,0.15,1097.34,JapaneseVowels,medium
XGBoost_Tuned,0.030612,,0.0,28.759354,19.16,0.05,3479.21,JapaneseVowels,medium
CatBoost_Tuned,0.040816,,0.0,28.791753,8.9,0.02,19606.18,JapaneseVowels,medium
AutoGluon_Default,0.995149,0.999606,0.99516,0.025435,765.74,0.17,765.91,pendigits,large
LightGBM_Tuned,0.990297,0.999553,0.990231,0.049986,4.48,0.34,854.58,pendigits,large
XGBoost_Tuned,0.9906,0.999464,0.990596,0.03777,5.68,0.14,648.35,pendigits,large
CatBoost_Tuned,0.990904,0.999467,0.990952,0.036004,6.25,0.03,1074.79,pendigits,large
AutoGluon_Default,0.99537,0.99591,0.00397,0.011278,381.6,0.43,382.03,nursery,large
LightGBM_Tuned,0.998457,0.999961,0.999061,0.003419,3.64,0.2,388.26,nursery,large
XGBoost_Tuned,0.999743,0.988265,0.003981,0.003636,1.85,0.06,260.94,nursery,large
CatBoost_Tuned,0.999743,1.0,0.003981,0.00688,2.67,0.02,284.94,nursery,large
AutoGluon_Default,0.973333,0.999827,0.97303,0.079664,1846.29,0.3,1846.58,letter,large
LightGBM_Tuned,0.97,0.999739,0.969599,0.114945,15.66,2.13,2938.72,letter,large
XGBoost_Tuned,0.964,0.999629,0.963567,0.113948,10.1,0.45,1846.19,letter,large
CatBoost_Tuned,0.9675,0.999759,0.967198,0.106351,24.72,0.11,2069.88,letter,large
AutoGluon_Default,0.1,,0.0,,132.26,0.03,132.29,houses,large
LightGBM_Tuned,0.1,,0.0,24.450435,0.49,0.01,11.28,houses,large
XGBoost_Tuned,0.1,,0.0,24.413811,3.25,0.01,259.89,houses,large
CatBoost_Tuned,0.15,,0.0,24.288191,230.19,0.03,15087.37,houses,large
AutoGluon_Default,0.950259,0.840656,0.474883,0.160539,529.55,2.65,532.21,Amazon_employee_access,large
LightGBM_Tuned,0.950463,0.837453,0.467615,0.1621,2.3,0.21,176.31,Amazon_employee_access,large
XGBoost_Tuned,0.95209,0.851734,0.530121,0.158792,2.34,0.13,148.97,Amazon_employee_access,large
CatBoost_Tuned,0.948428,0.817745,0.454013,0.168374,5.37,0.03,798.39,Amazon_employee_access,large
AutoGluon_Default,0.118397,,0.0,,2238.25,3.72,2241.97,KDDCup09_appetency,large
